x,y,z,vx,vy,vz,mass
0.000000,0.000000,0.000000,0.000000,0.000000,0.000000,1.000000e+00
-0.324343,0.229899,0.000000,-5.966984,-8.026969,0.000000,1.000000e-12
-0.323938,0.230962,0.000000,-5.986752,-8.007895,0.000000,1.000000e-12
-0.323530,0.232024,0.000000,-6.006438,-7.988770,0.000000,1.000000e-12
-0.323119,0.233084,0.000000,-6.026024,-7.969640,0.000000,1.000000e-12
-0.322706,0.234142,0.000000,-6.045519,-7.950479,0.000000,1.000000e-12
-0.322291,0.235198,0.000000,-6.064908,-7.931319,0.000000,1.000000e-12
-0.321874,0.236252,0.000000,-6.084204,-7.912130,0.000000,1.000000e-12
-0.321455,0.237303,0.000000,-6.103399,-7.892945,0.000000,1.000000e-12
-0.321034,0.238352,0.000000,-6.122499,-7.873734,0.000000,1.000000e-12
-0.320610,0.239400,0.000000,-6.141496,-7.854511,0.000000,1.000000e-12
-0.320185,0.240445,0.000000,-6.160398,-7.835291,0.000000,1.000000e-12
-0.319757,0.241487,0.000000,-6.179193,-7.816064,0.000000,1.000000e-12
-0.319328,0.242528,0.000000,-6.197905,-7.796794,0.000000,1.000000e-12
-0.318896,0.243567,0.000000,-6.216517,-7.777537,0.000000,1.000000e-12
-0.318463,0.244604,0.000000,-6.235049,-7.758245,0.000000,1.000000e-12
-0.318027,0.245639,0.000000,-6.253475,-7.738949,0.000000,1.000000e-12
-0.317590,0.246670,0.000000,-6.271788,-7.719669,0.000000,1.000000e-12
-0.317150,0.247700,0.000000,-6.290020,-7.700371,0.000000,1.000000e-12
-0.316708,0.248729,0.000000,-6.308170,-7.681035,0.000000,1.000000e-12
-0.316265,0.249755,0.000000,-6.326214,-7.661712,0.000000,1.000000e-12
-0.315819,0.250778,0.000000,-6.344156,-7.642385,0.000000,1.000000e-12
-0.315372,0.251801,0.000000,-6.362022,-7.623024,0.000000,1.000000e-12
-0.314923,0.252820,0.000000,-6.379781,-7.603683,0.000000,1.000000e-12
-0.314471,0.253838,0.000000,-6.397450,-7.584329,0.000000,1.000000e-12
-0.314018,0.254853,0.000000,-6.415032,-7.564963,0.000000,1.000000e-12
-0.313563,0.255867,0.000000,-6.432524,-7.545572,0.000000,1.000000e-12
-0.313106,0.256878,0.000000,-6.449924,-7.526185,0.000000,1.000000e-12
-0.312647,0.257887,0.000000,-6.467215,-7.506806,0.000000,1.000000e-12
-0.312187,0.258894,0.000000,-6.484430,-7.487404,0.000000,1.000000e-12
-0.311724,0.259898,0.000000,-6.501542,-7.468022,0.000000,1.000000e-12
-0.311260,0.260902,0.000000,-6.518578,-7.448598,0.000000,1.000000e-12
-0.310793,0.261903,0.000000,-6.535520,-7.429183,0.000000,1.000000e-12
-0.310326,0.262901,0.000000,-6.552364,-7.409772,0.000000,1.000000e-12
-0.309856,0.263897,0.000000,-6.569129,-7.390339,0.000000,1.000000e-12
-0.309384,0.264891,0.000000,-6.585786,-7.370939,0.000000,1.000000e-12
-0.308911,0.265884,0.000000,-6.602376,-7.351489,0.000000,1.000000e-12
-0.308436,0.266873,0.000000,-6.618851,-7.332073,0.000000,1.000000e-12
-0.307959,0.267862,0.000000,-6.635264,-7.312618,0.000000,1.000000e-12
-0.307480,0.268847,0.000000,-6.651564,-7.293194,0.000000,1.000000e-12
-0.307000,0.269832,0.000000,-6.667804,-7.273730,0.000000,1.000000e-12
-0.306518,0.270813,0.000000,-6.683936,-7.254293,0.000000,1.000000e-12
-0.306034,0.271792,0.000000,-6.699976,-7.234858,0.000000,1.000000e-12
-0.305549,0.272770,0.000000,-6.715940,-7.215405,0.000000,1.000000e-12
-0.305061,0.273745,0.000000,-6.731812,-7.195958,0.000000,1.000000e-12
-0.304572,0.274719,0.000000,-6.747609,-7.176489,0.000000,1.000000e-12
-0.304082,0.275690,0.000000,-6.763310,-7.157035,0.000000,1.000000e-12
-0.303590,0.276658,0.000000,-6.778908,-7.137609,0.000000,1.000000e-12
-0.303096,0.277626,0.000000,-6.794442,-7.118143,0.000000,1.000000e-12
-0.302600,0.278590,0.000000,-6.809883,-7.098702,0.000000,1.000000e-12
-0.302104,0.279554,0.000000,-6.825251,-7.079223,0.000000,1.000000e-12
-0.301605,0.280515,0.000000,-6.840523,-7.059772,0.000000,1.000000e-12
-0.301104,0.281473,0.000000,-6.855704,-7.040335,0.000000,1.000000e-12
-0.300602,0.282430,0.000000,-6.870807,-7.020882,0.000000,1.000000e-12
-0.300099,0.283384,0.000000,-6.885824,-7.001435,0.000000,1.000000e-12
-0.299594,0.284336,0.000000,-6.900761,-6.981982,0.000000,1.000000e-12
-0.299087,0.285287,0.000000,-6.915610,-6.962533,0.000000,1.000000e-12
-0.298579,0.286235,0.000000,-6.930379,-6.943091,0.000000,1.000000e-12
-0.298069,0.287181,0.000000,-6.945069,-6.923642,0.000000,1.000000e-12
-0.297558,0.288125,0.000000,-6.959661,-6.904216,0.000000,1.000000e-12
-0.297045,0.289067,0.000000,-6.974191,-6.884764,0.000000,1.000000e-12
-0.296531,0.290007,0.000000,-6.988619,-6.865337,0.000000,1.000000e-12
-0.296015,0.290945,0.000000,-7.002983,-6.845893,0.000000,1.000000e-12
-0.295498,0.291881,0.000000,-7.017255,-6.826471,0.000000,1.000000e-12
-0.294979,0.292814,0.000000,-7.031444,-6.807054,0.000000,1.000000e-12
-0.294459,0.293747,0.000000,-7.045574,-6.787608,0.000000,1.000000e-12
-0.293937,0.294676,0.000000,-7.059588,-6.768214,0.000000,1.000000e-12
-0.293414,0.295603,0.000000,-7.073541,-6.748801,0.000000,1.000000e-12
-0.292889,0.296529,0.000000,-7.087409,-6.729397,0.000000,1.000000e-12
-0.292363,0.297452,0.000000,-7.101210,-6.709993,0.000000,1.000000e-12
-0.291836,0.298374,0.000000,-7.114918,-6.690586,0.000000,1.000000e-12
-0.291307,0.299294,0.000000,-7.128553,-6.671188,0.000000,1.000000e-12
-0.290776,0.300210,0.000000,-7.142097,-6.651827,0.000000,1.000000e-12
-0.290245,0.301126,0.000000,-7.155581,-6.632436,0.000000,1.000000e-12
-0.289712,0.302038,0.000000,-7.168970,-6.613075,0.000000,1.000000e-12
-0.289177,0.302950,0.000000,-7.182286,-6.593701,0.000000,1.000000e-12
-0.288641,0.303859,0.000000,-7.195527,-6.574344,0.000000,1.000000e-12
-0.288104,0.304766,0.000000,-7.208687,-6.554984,0.000000,1.000000e-12
-0.287565,0.305671,0.000000,-7.221774,-6.535633,0.000000,1.000000e-12
-0.287026,0.306575,0.000000,-7.234789,-6.516277,0.000000,1.000000e-12
-0.286484,0.307474,0.000000,-7.247704,-6.496984,0.000000,1.000000e-12
-0.285942,0.308374,0.000000,-7.260561,-6.477648,0.000000,1.000000e-12
-0.285398,0.309271,0.000000,-7.273342,-6.458324,0.000000,1.000000e-12
-0.284853,0.310164,0.000000,-7.286031,-6.439050,0.000000,1.000000e-12
-0.284306,0.311059,0.000000,-7.298669,-6.419717,0.000000,1.000000e-12
-0.283758,0.311950,0.000000,-7.311220,-6.400427,0.000000,1.000000e-12
-0.283210,0.312838,0.000000,-7.323693,-6.381150,0.000000,1.000000e-12
-0.282659,0.313725,0.000000,-7.336094,-6.361872,0.000000,1.000000e-12
-0.282107,0.314610,0.000000,-7.348426,-6.342601,0.000000,1.000000e-12
-0.281555,0.315493,0.000000,-7.360674,-6.323348,0.000000,1.000000e-12
-0.281001,0.316373,0.000000,-7.372845,-6.304117,0.000000,1.000000e-12
-0.280445,0.317252,0.000000,-7.384951,-6.284881,0.000000,1.000000e-12
-0.279889,0.318129,0.000000,-7.396985,-6.265640,0.000000,1.000000e-12
-0.279331,0.319004,0.000000,-7.408946,-6.246408,0.000000,1.000000e-12
-0.278772,0.319877,0.000000,-7.420831,-6.227203,0.000000,1.000000e-12
-0.278212,0.320748,0.000000,-7.432642,-6.208008,0.000000,1.000000e-12
-0.277651,0.321617,0.000000,-7.444385,-6.188813,0.000000,1.000000e-12
-0.277088,0.322482,0.000000,-7.456043,-6.169664,0.000000,1.000000e-12
-0.276524,0.323348,0.000000,-7.467645,-6.150484,0.000000,1.000000e-12
-0.275959,0.324211,0.000000,-7.479171,-6.131324,0.000000,1.000000e-12
-0.275393,0.325072,0.000000,-7.490627,-6.112170,0.000000,1.000000e-12
-0.274826,0.325930,0.000000,-7.502000,-6.093061,0.000000,1.000000e-12
-0.274258,0.326786,0.000000,-7.513300,-6.073974,0.000000,1.000000e-12
-0.273688,0.327642,0.000000,-7.524550,-6.054846,0.000000,1.000000e-12
-0.273118,0.328495,0.000000,-7.535718,-6.035752,0.000000,1.000000e-12
-0.272546,0.329346,0.000000,-7.546822,-6.016657,0.000000,1.000000e-12
-0.271973,0.330194,0.000000,-7.557846,-5.997603,0.000000,1.000000e-12
-0.271400,0.331042,0.000000,-7.568810,-5.978535,0.000000,1.000000e-12
-0.270824,0.331887,0.000000,-7.579700,-5.959490,0.000000,1.000000e-12
-0.270248,0.332730,0.000000,-7.590528,-5.940447,0.000000,1.000000e-12
-0.269671,0.333571,0.000000,-7.601274,-5.921444,0.000000,1.000000e-12
-0.269093,0.334410,0.000000,-7.611955,-5.902448,0.000000,1.000000e-12
-0.268514,0.335248,0.000000,-7.622580,-5.883438,0.000000,1.000000e-12
-0.267933,0.336083,0.000000,-7.633130,-5.864450,0.000000,1.000000e-12
-0.267352,0.336916,0.000000,-7.643615,-5.845486,0.000000,1.000000e-12
-0.266770,0.337747,0.000000,-7.654021,-5.826546,0.000000,1.000000e-12
-0.266186,0.338577,0.000000,-7.664364,-5.807612,0.000000,1.000000e-12
-0.265602,0.339405,0.000000,-7.674651,-5.788670,0.000000,1.000000e-12
-0.265016,0.340230,0.000000,-7.684866,-5.769766,0.000000,1.000000e-12
-0.264429,0.341053,0.000000,-7.695001,-5.750885,0.000000,1.000000e-12
-0.263842,0.341875,0.000000,-7.705089,-5.732002,0.000000,1.000000e-12
-0.263254,0.342695,0.000000,-7.715109,-5.713125,0.000000,1.000000e-12
-0.262664,0.343513,0.000000,-7.725052,-5.694283,0.000000,1.000000e-12
-0.262073,0.344329,0.000000,-7.734941,-5.675436,0.000000,1.000000e-12
-0.261482,0.345144,0.000000,-7.744757,-5.656610,0.000000,1.000000e-12
-0.260890,0.345955,0.000000,-7.754510,-5.637817,0.000000,1.000000e-12
-0.260296,0.346766,0.000000,-7.764204,-5.619016,0.000000,1.000000e-12
-0.259702,0.347574,0.000000,-7.773827,-5.600246,0.000000,1.000000e-12
-0.259107,0.348380,0.000000,-7.783388,-5.581490,0.000000,1.000000e-12
-0.258511,0.349185,0.000000,-7.792884,-5.562737,0.000000,1.000000e-12
-0.257913,0.349988,0.000000,-7.802323,-5.544006,0.000000,1.000000e-12
-0.257315,0.350788,0.000000,-7.811691,-5.525296,0.000000,1.000000e-12
-0.256717,0.351587,0.000000,-7.820999,-5.506603,0.000000,1.000000e-12
-0.256117,0.352384,0.000000,-7.830241,-5.487929,0.000000,1.000000e-12
-0.255516,0.353178,0.000000,-7.839420,-5.469271,0.000000,1.000000e-12
-0.254914,0.353972,0.000000,-7.848543,-5.450617,0.000000,1.000000e-12
-0.254312,0.354763,0.000000,-7.857602,-5.431990,0.000000,1.000000e-12
-0.253708,0.355553,0.000000,-7.866598,-5.413373,0.000000,1.000000e-12
-0.253104,0.356341,0.000000,-7.875532,-5.394767,0.000000,1.000000e-12
-0.252499,0.357126,0.000000,-7.884406,-5.376190,0.000000,1.000000e-12
-0.251893,0.357910,0.000000,-7.893217,-5.357622,0.000000,1.000000e-12
-0.251286,0.358691,0.000000,-7.901964,-5.339097,0.000000,1.000000e-12
-0.250678,0.359472,0.000000,-7.910657,-5.320560,0.000000,1.000000e-12
-0.250070,0.360250,0.000000,-7.919285,-5.302052,0.000000,1.000000e-12
-0.249461,0.361026,0.000000,-7.927853,-5.283563,0.000000,1.000000e-12
-0.248850,0.361801,0.000000,-7.936367,-5.265083,0.000000,1.000000e-12
-0.248240,0.362574,0.000000,-7.944818,-5.246615,0.000000,1.000000e-12
-0.247628,0.363344,0.000000,-7.953203,-5.228194,0.000000,1.000000e-12
-0.247015,0.364113,0.000000,-7.961532,-5.209777,0.000000,1.000000e-12
-0.246402,0.364880,0.000000,-7.969810,-5.191363,0.000000,1.000000e-12
-0.245787,0.365646,0.000000,-7.978027,-5.172966,0.000000,1.000000e-12
-0.245173,0.366409,0.000000,-7.986181,-5.154608,0.000000,1.000000e-12
-0.244557,0.367170,0.000000,-7.994270,-5.136283,0.000000,1.000000e-12
-0.243940,0.367930,0.000000,-8.002314,-5.117933,0.000000,1.000000e-12
-0.243323,0.368688,0.000000,-8.010300,-5.099615,0.000000,1.000000e-12
-0.242705,0.369445,0.000000,-8.018218,-5.081320,0.000000,1.000000e-12
-0.242086,0.370199,0.000000,-8.026087,-5.063052,0.000000,1.000000e-12
-0.241467,0.370951,0.000000,-8.033890,-5.044814,0.000000,1.000000e-12
-0.240847,0.371701,0.000000,-8.041646,-5.026579,0.000000,1.000000e-12
-0.240225,0.372451,0.000000,-8.049345,-5.008344,0.000000,1.000000e-12
-0.239604,0.373197,0.000000,-8.056982,-4.990166,0.000000,1.000000e-12
-0.238982,0.373942,0.000000,-8.064559,-4.972001,0.000000,1.000000e-12
-0.238358,0.374686,0.000000,-8.072084,-4.953837,0.000000,1.000000e-12
-0.237734,0.375428,0.000000,-8.079560,-4.935694,0.000000,1.000000e-12
-0.237110,0.376168,0.000000,-8.086981,-4.917569,0.000000,1.000000e-12
-0.236485,0.376906,0.000000,-8.094338,-4.899467,0.000000,1.000000e-12
-0.235859,0.377642,0.000000,-8.101645,-4.881392,0.000000,1.000000e-12
-0.235232,0.378377,0.000000,-8.108898,-4.863316,0.000000,1.000000e-12
-0.234605,0.379110,0.000000,-8.116089,-4.845288,0.000000,1.000000e-12
-0.233977,0.379840,0.000000,-8.123237,-4.827274,0.000000,1.000000e-12
-0.233348,0.380569,0.000000,-8.130320,-4.809275,0.000000,1.000000e-12
-0.232719,0.381297,0.000000,-8.137362,-4.791286,0.000000,1.000000e-12
-0.232089,0.382022,0.000000,-8.144333,-4.773355,0.000000,1.000000e-12
-0.231458,0.382747,0.000000,-8.151267,-4.755397,0.000000,1.000000e-12
-0.230827,0.383468,0.000000,-8.158136,-4.737491,0.000000,1.000000e-12
-0.230195,0.384189,0.000000,-8.164957,-4.719580,0.000000,1.000000e-12
-0.229562,0.384907,0.000000,-8.171723,-4.701714,0.000000,1.000000e-12
-0.228929,0.385625,0.000000,-8.178440,-4.683846,0.000000,1.000000e-12
-0.228295,0.386340,0.000000,-8.185102,-4.666013,0.000000,1.000000e-12
-0.227661,0.387053,0.000000,-8.191713,-4.648198,0.000000,1.000000e-12
-0.227026,0.387765,0.000000,-8.198273,-4.630407,0.000000,1.000000e-12
-0.226391,0.388474,0.000000,-8.204779,-4.612643,0.000000,1.000000e-12
-0.225755,0.389182,0.000000,-8.211227,-4.594905,0.000000,1.000000e-12
-0.225117,0.389889,0.000000,-8.217634,-4.577159,0.000000,1.000000e-12
-0.224480,0.390593,0.000000,-8.223984,-4.559454,0.000000,1.000000e-12
-0.223842,0.391296,0.000000,-8.230292,-4.541765,0.000000,1.000000e-12
-0.223204,0.391997,0.000000,-8.236543,-4.524104,0.000000,1.000000e-12
-0.222565,0.392697,0.000000,-8.242747,-4.506451,0.000000,1.000000e-12
-0.221925,0.393395,0.000000,-8.248899,-4.488829,0.000000,1.000000e-12
-0.221285,0.394091,0.000000,-8.254993,-4.471238,0.000000,1.000000e-12
-0.220644,0.394785,0.000000,-8.261046,-4.453650,0.000000,1.000000e-12
-0.220003,0.395478,0.000000,-8.267045,-4.436103,0.000000,1.000000e-12
-0.219361,0.396168,0.000000,-8.272992,-4.418583,0.000000,1.000000e-12
-0.218718,0.396859,0.000000,-8.278904,-4.401031,0.000000,1.000000e-12
-0.218075,0.397546,0.000000,-8.284755,-4.383546,0.000000,1.000000e-12
-0.217432,0.398231,0.000000,-8.290559,-4.366090,0.000000,1.000000e-12
-0.216788,0.398916,0.000000,-8.296317,-4.348639,0.000000,1.000000e-12
-0.216144,0.399599,0.000000,-8.302025,-4.331200,0.000000,1.000000e-12
-0.215498,0.400279,0.000000,-8.307685,-4.313799,0.000000,1.000000e-12
-0.214853,0.400959,0.000000,-8.313297,-4.296410,0.000000,1.000000e-12
-0.214207,0.401635,0.000000,-8.318859,-4.279069,0.000000,1.000000e-12
-0.213560,0.402312,0.000000,-8.324379,-4.261724,0.000000,1.000000e-12
-0.212913,0.402986,0.000000,-8.329846,-4.244402,0.000000,1.000000e-12
-0.212266,0.403659,0.000000,-8.335267,-4.227104,0.000000,1.000000e-12
-0.211618,0.404329,0.000000,-8.340645,-4.209850,0.000000,1.000000e-12
-0.210969,0.404998,0.000000,-8.345974,-4.192592,0.000000,1.000000e-12
-0.210320,0.405666,0.000000,-8.351255,-4.175366,0.000000,1.000000e-12
-0.209671,0.406332,0.000000,-8.356492,-4.158166,0.000000,1.000000e-12
-0.209021,0.406995,0.000000,-8.361679,-4.140993,0.000000,1.000000e-12
-0.208371,0.407658,0.000000,-8.366820,-4.123834,0.000000,1.000000e-12
-0.207720,0.408319,0.000000,-8.371922,-4.106695,0.000000,1.000000e-12
-0.207069,0.408978,0.000000,-8.376970,-4.089580,0.000000,1.000000e-12
-0.206417,0.409636,0.000000,-8.381976,-4.072503,0.000000,1.000000e-12
-0.205765,0.410292,0.000000,-8.386944,-4.055418,0.000000,1.000000e-12
-0.205112,0.410946,0.000000,-8.391861,-4.038383,0.000000,1.000000e-12
-0.204459,0.411599,0.000000,-8.396729,-4.021373,0.000000,1.000000e-12
-0.203806,0.412250,0.000000,-8.401551,-4.004370,0.000000,1.000000e-12
-0.203152,0.412899,0.000000,-8.406336,-3.987397,0.000000,1.000000e-12
-0.202498,0.413547,0.000000,-8.411075,-3.970447,0.000000,1.000000e-12
-0.201843,0.414194,0.000000,-8.415774,-3.953511,0.000000,1.000000e-12
-0.201188,0.414839,0.000000,-8.420424,-3.936607,0.000000,1.000000e-12
-0.200533,0.415481,0.000000,-8.425031,-3.919732,0.000000,1.000000e-12
-0.199877,0.416123,0.000000,-8.429595,-3.902870,0.000000,1.000000e-12
-0.199220,0.416763,0.000000,-8.434114,-3.886030,0.000000,1.000000e-12
-0.198564,0.417401,0.000000,-8.438593,-3.869226,0.000000,1.000000e-12
-0.197907,0.418037,0.000000,-8.443026,-3.852442,0.000000,1.000000e-12
-0.197249,0.418673,0.000000,-8.447423,-3.835669,0.000000,1.000000e-12
-0.196591,0.419307,0.000000,-8.451770,-3.818919,0.000000,1.000000e-12
-0.195933,0.419938,0.000000,-8.456075,-3.802220,0.000000,1.000000e-12
-0.195274,0.420569,0.000000,-8.460340,-3.785515,0.000000,1.000000e-12
-0.194615,0.421197,0.000000,-8.464563,-3.768846,0.000000,1.000000e-12
-0.193957,0.421824,0.000000,-8.468742,-3.752213,0.000000,1.000000e-12
-0.193297,0.422451,0.000000,-8.472882,-3.735560,0.000000,1.000000e-12
-0.192637,0.423075,0.000000,-8.476982,-3.718969,0.000000,1.000000e-12
-0.191976,0.423697,0.000000,-8.481037,-3.702395,0.000000,1.000000e-12
-0.191316,0.424317,0.000000,-8.485051,-3.685854,0.000000,1.000000e-12
-0.190655,0.424937,0.000000,-8.489029,-3.669313,0.000000,1.000000e-12
-0.189994,0.425555,0.000000,-8.492964,-3.652814,0.000000,1.000000e-12
-0.189332,0.426171,0.000000,-8.496857,-3.636338,0.000000,1.000000e-12
-0.188669,0.426786,0.000000,-8.500710,-3.619870,0.000000,1.000000e-12
-0.188008,0.427399,0.000000,-8.504520,-3.603453,0.000000,1.000000e-12
-0.187345,0.428011,0.000000,-8.508298,-3.587018,0.000000,1.000000e-12
-0.186682,0.428621,0.000000,-8.512029,-3.570641,0.000000,1.000000e-12
-0.186019,0.429229,0.000000,-8.515721,-3.554293,0.000000,1.000000e-12
-0.185355,0.429836,0.000000,-8.519379,-3.537949,0.000000,1.000000e-12
-0.184691,0.430441,0.000000,-8.522993,-3.521644,0.000000,1.000000e-12
-0.184027,0.431046,0.000000,-8.526568,-3.505350,0.000000,1.000000e-12
-0.183363,0.431648,0.000000,-8.530104,-3.489083,0.000000,1.000000e-12
-0.182698,0.432249,0.000000,-8.533601,-3.472855,0.000000,1.000000e-12
-0.182033,0.432849,0.000000,-8.537064,-3.456624,0.000000,1.000000e-12
-0.181367,0.433446,0.000000,-8.540485,-3.440448,0.000000,1.000000e-12
-0.180702,0.434043,0.000000,-8.543869,-3.424264,0.000000,1.000000e-12
-0.180036,0.434638,0.000000,-8.547213,-3.408124,0.000000,1.000000e-12
-0.179370,0.435232,0.000000,-8.550518,-3.391995,0.000000,1.000000e-12
-0.178703,0.435823,0.000000,-8.553789,-3.375903,0.000000,1.000000e-12
-0.178037,0.436414,0.000000,-8.557019,-3.359835,0.000000,1.000000e-12
-0.177370,0.437002,0.000000,-8.560219,-3.343794,0.000000,1.000000e-12
-0.176703,0.437590,0.000000,-8.563373,-3.327770,0.000000,1.000000e-12
-0.176035,0.438176,0.000000,-8.566492,-3.311751,0.000000,1.000000e-12
-0.175367,0.438761,0.000000,-8.569573,-3.295786,0.000000,1.000000e-12
-0.174699,0.439344,0.000000,-8.572622,-3.279838,0.000000,1.000000e-12
-0.174031,0.439925,0.000000,-8.575629,-3.263916,0.000000,1.000000e-12
-0.173363,0.440505,0.000000,-8.578603,-3.248014,0.000000,1.000000e-12
-0.172694,0.441083,0.000000,-8.581539,-3.232145,0.000000,1.000000e-12
-0.172025,0.441661,0.000000,-8.584445,-3.216267,0.000000,1.000000e-12
-0.171356,0.442237,0.000000,-8.587311,-3.200456,0.000000,1.000000e-12
-0.170687,0.442811,0.000000,-8.590136,-3.184648,0.000000,1.000000e-12
-0.170017,0.443383,0.000000,-8.592933,-3.168880,0.000000,1.000000e-12
-0.169347,0.443955,0.000000,-8.595690,-3.153114,0.000000,1.000000e-12
-0.168678,0.444525,0.000000,-8.598414,-3.137378,0.000000,1.000000e-12
-0.168007,0.445093,0.000000,-8.601098,-3.121670,0.000000,1.000000e-12
-0.167337,0.445660,0.000000,-8.603750,-3.105994,0.000000,1.000000e-12
-0.166666,0.446226,0.000000,-8.606371,-3.090334,0.000000,1.000000e-12
-0.165995,0.446790,0.000000,-8.608954,-3.074706,0.000000,1.000000e-12
-0.165324,0.447353,0.000000,-8.611506,-3.059084,0.000000,1.000000e-12
-0.164653,0.447914,0.000000,-8.614018,-3.043499,0.000000,1.000000e-12
-0.163982,0.448473,0.000000,-8.616501,-3.027960,0.000000,1.000000e-12
-0.163310,0.449032,0.000000,-8.618943,-3.012416,0.000000,1.000000e-12
-0.162638,0.449589,0.000000,-8.621361,-2.996902,0.000000,1.000000e-12
-0.161966,0.450145,0.000000,-8.623737,-2.981407,0.000000,1.000000e-12
-0.161294,0.450699,0.000000,-8.626084,-2.965948,0.000000,1.000000e-12
-0.160621,0.451252,0.000000,-8.628395,-2.950508,0.000000,1.000000e-12
-0.159949,0.451803,0.000000,-8.630673,-2.935116,0.000000,1.000000e-12
-0.159277,0.452353,0.000000,-8.632918,-2.919715,0.000000,1.000000e-12
-0.158604,0.452901,0.000000,-8.635133,-2.904362,0.000000,1.000000e-12
-0.157931,0.453449,0.000000,-8.637312,-2.889016,0.000000,1.000000e-12
-0.157258,0.453994,0.000000,-8.639460,-2.873710,0.000000,1.000000e-12
-0.156585,0.454539,0.000000,-8.641578,-2.858426,0.000000,1.000000e-12
-0.155911,0.455082,0.000000,-8.643657,-2.843151,0.000000,1.000000e-12
-0.155237,0.455624,0.000000,-8.645708,-2.827903,0.000000,1.000000e-12
-0.154564,0.456164,0.000000,-8.647725,-2.812696,0.000000,1.000000e-12
-0.153890,0.456702,0.000000,-8.649711,-2.797514,0.000000,1.000000e-12
-0.153216,0.457240,0.000000,-8.651664,-2.782350,0.000000,1.000000e-12
-0.152542,0.457776,0.000000,-8.653588,-2.767197,0.000000,1.000000e-12
-0.151867,0.458311,0.000000,-8.655479,-2.752077,0.000000,1.000000e-12
-0.151193,0.458844,0.000000,-8.657341,-2.736987,0.000000,1.000000e-12
-0.150519,0.459376,0.000000,-8.659169,-2.721929,0.000000,1.000000e-12
-0.149844,0.459907,0.000000,-8.660968,-2.706875,0.000000,1.000000e-12
-0.149169,0.460436,0.000000,-8.662733,-2.691864,0.000000,1.000000e-12
-0.148494,0.460964,0.000000,-8.664473,-2.676875,0.000000,1.000000e-12
-0.147819,0.461491,0.000000,-8.666176,-2.661900,0.000000,1.000000e-12
-0.147144,0.462016,0.000000,-8.667850,-2.646962,0.000000,1.000000e-12
-0.146469,0.462540,0.000000,-8.669496,-2.632024,0.000000,1.000000e-12
-0.145793,0.463063,0.000000,-8.671109,-2.617129,0.000000,1.000000e-12
-0.145118,0.463584,0.000000,-8.672695,-2.602272,0.000000,1.000000e-12
-0.144443,0.464104,0.000000,-8.674253,-2.587427,0.000000,1.000000e-12
-0.143767,0.464623,0.000000,-8.675778,-2.572591,0.000000,1.000000e-12
-0.143091,0.465140,0.000000,-8.677269,-2.557790,0.000000,1.000000e-12
-0.142415,0.465656,0.000000,-8.678741,-2.543031,0.000000,1.000000e-12
-0.141739,0.466171,0.000000,-8.680172,-2.528269,0.000000,1.000000e-12
-0.141063,0.466684,0.000000,-8.681581,-2.513561,0.000000,1.000000e-12
-0.140387,0.467196,0.000000,-8.682960,-2.498862,0.000000,1.000000e-12
-0.139711,0.467706,0.000000,-8.684308,-2.484186,0.000000,1.000000e-12
-0.139034,0.468215,0.000000,-8.685631,-2.469545,0.000000,1.000000e-12
-0.138358,0.468723,0.000000,-8.686920,-2.454922,0.000000,1.000000e-12
-0.137682,0.469231,0.000000,-8.688184,-2.440304,0.000000,1.000000e-12
-0.137005,0.469736,0.000000,-8.689420,-2.425735,0.000000,1.000000e-12
-0.136329,0.470240,0.000000,-8.690624,-2.411196,0.000000,1.000000e-12
-0.135652,0.470743,0.000000,-8.691806,-2.396670,0.000000,1.000000e-12
-0.134975,0.471244,0.000000,-8.692954,-2.382161,0.000000,1.000000e-12
-0.134299,0.471745,0.000000,-8.694077,-2.367682,0.000000,1.000000e-12
-0.133622,0.472244,0.000000,-8.695172,-2.353225,0.000000,1.000000e-12
-0.132945,0.472741,0.000000,-8.696242,-2.338809,0.000000,1.000000e-12
-0.132268,0.473238,0.000000,-8.697281,-2.324406,0.000000,1.000000e-12
-0.131591,0.473734,0.000000,-8.698290,-2.310010,0.000000,1.000000e-12
-0.130913,0.474228,0.000000,-8.699275,-2.295642,0.000000,1.000000e-12
-0.130236,0.474720,0.000000,-8.700238,-2.281322,0.000000,1.000000e-12
-0.129560,0.475211,0.000000,-8.701165,-2.267027,0.000000,1.000000e-12
-0.128882,0.475702,0.000000,-8.702072,-2.252741,0.000000,1.000000e-12
-0.128205,0.476190,0.000000,-8.702949,-2.238486,0.000000,1.000000e-12
-0.127528,0.476678,0.000000,-8.703801,-2.224259,0.000000,1.000000e-12
-0.126851,0.477164,0.000000,-8.704626,-2.210050,0.000000,1.000000e-12
-0.126173,0.477649,0.000000,-8.705424,-2.195870,0.000000,1.000000e-12
-0.125496,0.478133,0.000000,-8.706196,-2.181696,0.000000,1.000000e-12
-0.124819,0.478616,0.000000,-8.706939,-2.167570,0.000000,1.000000e-12
-0.124141,0.479097,0.000000,-8.707661,-2.153458,0.000000,1.000000e-12
-0.123464,0.479577,0.000000,-8.708358,-2.139372,0.000000,1.000000e-12
-0.122786,0.480056,0.000000,-8.709023,-2.125310,0.000000,1.000000e-12
-0.122109,0.480534,0.000000,-8.709666,-2.111270,0.000000,1.000000e-12
-0.121431,0.481010,0.000000,-8.710286,-2.097259,0.000000,1.000000e-12
-0.120754,0.481486,0.000000,-8.710876,-2.083261,0.000000,1.000000e-12
-0.120076,0.481959,0.000000,-8.711446,-2.069313,0.000000,1.000000e-12
-0.119399,0.482432,0.000000,-8.711992,-2.055369,0.000000,1.000000e-12
-0.118721,0.482904,0.000000,-8.712502,-2.041445,0.000000,1.000000e-12
-0.118044,0.483374,0.000000,-8.712996,-2.027570,0.000000,1.000000e-12
-0.117366,0.483843,0.000000,-8.713464,-2.013696,0.000000,1.000000e-12
-0.116689,0.484312,0.000000,-8.713905,-1.999843,0.000000,1.000000e-12
-0.116011,0.484779,0.000000,-8.714325,-1.986021,0.000000,1.000000e-12
-0.115334,0.485244,0.000000,-8.714719,-1.972239,0.000000,1.000000e-12
-0.114657,0.485708,0.000000,-8.715092,-1.958476,0.000000,1.000000e-12
-0.113979,0.486171,0.000000,-8.715435,-1.944723,0.000000,1.000000e-12
-0.113302,0.486632,0.000000,-8.715759,-1.931014,0.000000,1.000000e-12
-0.112624,0.487094,0.000000,-8.716055,-1.917309,0.000000,1.000000e-12
-0.111946,0.487553,0.000000,-8.716329,-1.903625,0.000000,1.000000e-12
-0.111269,0.488011,0.000000,-8.716574,-1.889989,0.000000,1.000000e-12
-0.110592,0.488469,0.000000,-8.716802,-1.876357,0.000000,1.000000e-12
-0.109914,0.488925,0.000000,-8.717005,-1.862749,0.000000,1.000000e-12
-0.109237,0.489380,0.000000,-8.717189,-1.849181,0.000000,1.000000e-12
-0.108559,0.489833,0.000000,-8.717346,-1.835624,0.000000,1.000000e-12
-0.107882,0.490285,0.000000,-8.717483,-1.822103,0.000000,1.000000e-12
-0.107204,0.490737,0.000000,-8.717587,-1.808584,0.000000,1.000000e-12
-0.106528,0.491187,0.000000,-8.717675,-1.795117,0.000000,1.000000e-12
-0.105850,0.491636,0.000000,-8.717742,-1.781650,0.000000,1.000000e-12
-0.105173,0.492084,0.000000,-8.717785,-1.768224,0.000000,1.000000e-12
-0.104496,0.492530,0.000000,-8.717804,-1.754819,0.000000,1.000000e-12
-0.103819,0.492976,0.000000,-8.717800,-1.741431,0.000000,1.000000e-12
-0.103142,0.493421,0.000000,-8.717772,-1.728059,0.000000,1.000000e-12
-0.102464,0.493864,0.000000,-8.717731,-1.714723,0.000000,1.000000e-12
-0.101788,0.494305,0.000000,-8.717659,-1.701431,0.000000,1.000000e-12
-0.101111,0.494747,0.000000,-8.717566,-1.688131,0.000000,1.000000e-12
-0.100434,0.495187,0.000000,-8.717448,-1.674856,0.000000,1.000000e-12
-0.099757,0.495625,0.000000,-8.717317,-1.661622,0.000000,1.000000e-12
-0.099080,0.496062,0.000000,-8.717163,-1.648415,0.000000,1.000000e-12
-0.098403,0.496500,0.000000,-8.716983,-1.635202,0.000000,1.000000e-12
-0.097727,0.496935,0.000000,-8.716784,-1.622039,0.000000,1.000000e-12
-0.097050,0.497369,0.000000,-8.716562,-1.608891,0.000000,1.000000e-12
-0.096374,0.497802,0.000000,-8.716324,-1.595773,0.000000,1.000000e-12
-0.095697,0.498233,0.000000,-8.716058,-1.582674,0.000000,1.000000e-12
-0.095020,0.498665,0.000000,-8.715771,-1.569587,0.000000,1.000000e-12
-0.094344,0.499094,0.000000,-8.715467,-1.556547,0.000000,1.000000e-12
-0.093668,0.499523,0.000000,-8.715140,-1.543518,0.000000,1.000000e-12
-0.092992,0.499950,0.000000,-8.714794,-1.530522,0.000000,1.000000e-12
-0.092315,0.500376,0.000000,-8.714425,-1.517528,0.000000,1.000000e-12
-0.091640,0.500802,0.000000,-8.714042,-1.504574,0.000000,1.000000e-12
-0.090964,0.501225,0.000000,-8.713631,-1.491656,0.000000,1.000000e-12
-0.090288,0.501649,0.000000,-8.713202,-1.478731,0.000000,1.000000e-12
-0.089612,0.502071,0.000000,-8.712750,-1.465838,0.000000,1.000000e-12
-0.088936,0.502492,0.000000,-8.712282,-1.452983,0.000000,1.000000e-12
-0.088260,0.502912,0.000000,-8.711795,-1.440135,0.000000,1.000000e-12
-0.087585,0.503330,0.000000,-8.711284,-1.427325,0.000000,1.000000e-12
-0.086909,0.503748,0.000000,-8.710755,-1.414533,0.000000,1.000000e-12
-0.086234,0.504164,0.000000,-8.710205,-1.401766,0.000000,1.000000e-12
-0.085558,0.504580,0.000000,-8.709634,-1.389010,0.000000,1.000000e-12
-0.084883,0.504994,0.000000,-8.709049,-1.376296,0.000000,1.000000e-12
-0.084208,0.505408,0.000000,-8.708446,-1.363597,0.000000,1.000000e-12
-0.083532,0.505820,0.000000,-8.707816,-1.350910,0.000000,1.000000e-12
-0.082857,0.506231,0.000000,-8.707170,-1.338261,0.000000,1.000000e-12
-0.082182,0.506641,0.000000,-8.706501,-1.325630,0.000000,1.000000e-12
-0.081507,0.507050,0.000000,-8.705817,-1.313019,0.000000,1.000000e-12
-0.080833,0.507458,0.000000,-8.705116,-1.300443,0.000000,1.000000e-12
-0.080158,0.507865,0.000000,-8.704396,-1.287886,0.000000,1.000000e-12
-0.079484,0.508271,0.000000,-8.703657,-1.275355,0.000000,1.000000e-12
-0.078810,0.508676,0.000000,-8.702896,-1.262837,0.000000,1.000000e-12
-0.078135,0.509079,0.000000,-8.702124,-1.250352,0.000000,1.000000e-12
-0.077461,0.509482,0.000000,-8.701324,-1.237876,0.000000,1.000000e-12
-0.076787,0.509884,0.000000,-8.700511,-1.225432,0.000000,1.000000e-12
-0.076113,0.510284,0.000000,-8.699677,-1.213014,0.000000,1.000000e-12
-0.075439,0.510684,0.000000,-8.698828,-1.200609,0.000000,1.000000e-12
-0.074765,0.511082,0.000000,-8.697958,-1.188239,0.000000,1.000000e-12
-0.074092,0.511480,0.000000,-8.697072,-1.175892,0.000000,1.000000e-12
-0.073419,0.511877,0.000000,-8.696166,-1.163554,0.000000,1.000000e-12
-0.072745,0.512272,0.000000,-8.695244,-1.151251,0.000000,1.000000e-12
-0.072072,0.512666,0.000000,-8.694301,-1.138974,0.000000,1.000000e-12
-0.071398,0.513060,0.000000,-8.693340,-1.126703,0.000000,1.000000e-12
-0.070726,0.513453,0.000000,-8.692366,-1.114467,0.000000,1.000000e-12
-0.070052,0.513844,0.000000,-8.691373,-1.102248,0.000000,1.000000e-12
-0.069380,0.514234,0.000000,-8.690367,-1.090063,0.000000,1.000000e-12
-0.068707,0.514624,0.000000,-8.689336,-1.077888,0.000000,1.000000e-12
-0.068035,0.515012,0.000000,-8.688292,-1.065750,0.000000,1.000000e-12
-0.067362,0.515400,0.000000,-8.687229,-1.053617,0.000000,1.000000e-12
-0.066690,0.515785,0.000000,-8.686152,-1.041535,0.000000,1.000000e-12
-0.066018,0.516171,0.000000,-8.685058,-1.029447,0.000000,1.000000e-12
-0.065346,0.516555,0.000000,-8.683942,-1.017393,0.000000,1.000000e-12
-0.064674,0.516938,0.000000,-8.682815,-1.005370,0.000000,1.000000e-12
-0.064002,0.517322,0.000000,-8.681664,-0.993336,0.000000,1.000000e-12
-0.063331,0.517702,0.000000,-8.680508,-0.981361,0.000000,1.000000e-12
-0.062659,0.518083,0.000000,-8.679325,-0.969384,0.000000,1.000000e-12
-0.061988,0.518462,0.000000,-8.678133,-0.957461,0.000000,1.000000e-12
-0.061317,0.518840,0.000000,-8.676921,-0.945533,0.000000,1.000000e-12
-0.060645,0.519218,0.000000,-8.675690,-0.933622,0.000000,1.000000e-12
-0.059975,0.519595,0.000000,-8.674445,-0.921754,0.000000,1.000000e-12
-0.059304,0.519970,0.000000,-8.673187,-0.909906,0.000000,1.000000e-12
-0.058633,0.520344,0.000000,-8.671909,-0.898072,0.000000,1.000000e-12
-0.057963,0.520718,0.000000,-8.670616,-0.886261,0.000000,1.000000e-12
-0.057292,0.521090,0.000000,-8.669305,-0.874485,0.000000,1.000000e-12
-0.056622,0.521462,0.000000,-8.667988,-0.862718,0.000000,1.000000e-12
-0.055952,0.521832,0.000000,-8.666646,-0.850981,0.000000,1.000000e-12
-0.055283,0.522202,0.000000,-8.665292,-0.839253,0.000000,1.000000e-12
-0.054613,0.522571,0.000000,-8.663926,-0.827561,0.000000,1.000000e-12
-0.053943,0.522938,0.000000,-8.662539,-0.815892,0.000000,1.000000e-12
-0.053274,0.523305,0.000000,-8.661138,-0.804227,0.000000,1.000000e-12
-0.052605,0.523671,0.000000,-8.659723,-0.792615,0.000000,1.000000e-12
-0.051936,0.524036,0.000000,-8.658289,-0.780996,0.000000,1.000000e-12
-0.051267,0.524399,0.000000,-8.656846,-0.769418,0.000000,1.000000e-12
-0.050598,0.524762,0.000000,-8.655382,-0.757856,0.000000,1.000000e-12
-0.049929,0.525125,0.000000,-8.653904,-0.746290,0.000000,1.000000e-12
-0.049261,0.525486,0.000000,-8.652414,-0.734781,0.000000,1.000000e-12
-0.048593,0.525846,0.000000,-8.650909,-0.723289,0.000000,1.000000e-12
-0.047924,0.526206,0.000000,-8.649384,-0.711790,0.000000,1.000000e-12
-0.047256,0.526564,0.000000,-8.647852,-0.700346,0.000000,1.000000e-12
-0.046588,0.526921,0.000000,-8.646301,-0.688912,0.000000,1.000000e-12
-0.045921,0.527278,0.000000,-8.644738,-0.677506,0.000000,1.000000e-12
-0.045254,0.527633,0.000000,-8.643161,-0.666117,0.000000,1.000000e-12
-0.044586,0.527988,0.000000,-8.641569,-0.654751,0.000000,1.000000e-12
-0.043919,0.528342,0.000000,-8.639961,-0.643401,0.000000,1.000000e-12
-0.043253,0.528694,0.000000,-8.638345,-0.632093,0.000000,1.000000e-12
-0.042586,0.529046,0.000000,-8.636704,-0.620786,0.000000,1.000000e-12
-0.041919,0.529397,0.000000,-8.635057,-0.609503,0.000000,1.000000e-12
-0.041253,0.529747,0.000000,-8.633395,-0.598246,0.000000,1.000000e-12
-0.040587,0.530096,0.000000,-8.631718,-0.587014,0.000000,1.000000e-12
-0.039920,0.530444,0.000000,-8.630024,-0.575790,0.000000,1.000000e-12
-0.039255,0.530792,0.000000,-8.628323,-0.564597,0.000000,1.000000e-12
-0.038589,0.531138,0.000000,-8.626601,-0.553414,0.000000,1.000000e-12
-0.037923,0.531484,0.000000,-8.624871,-0.542269,0.000000,1.000000e-12
-0.037258,0.531828,0.000000,-8.623126,-0.531147,0.000000,1.000000e-12
-0.036593,0.532171,0.000000,-8.621371,-0.520038,0.000000,1.000000e-12
-0.035928,0.532515,0.000000,-8.619595,-0.508941,0.000000,1.000000e-12
-0.035263,0.532857,0.000000,-8.617815,-0.497878,0.000000,1.000000e-12
-0.034598,0.533198,0.000000,-8.616012,-0.486831,0.000000,1.000000e-12
-0.033934,0.533538,0.000000,-8.614203,-0.475814,0.000000,1.000000e-12
-0.033270,0.533877,0.000000,-8.612383,-0.464819,0.000000,1.000000e-12
-0.032606,0.534215,0.000000,-8.610541,-0.453833,0.000000,1.000000e-12
-0.031942,0.534553,0.000000,-8.608691,-0.442864,0.000000,1.000000e-12
-0.031278,0.534889,0.000000,-8.606831,-0.431934,0.000000,1.000000e-12
-0.030615,0.535226,0.000000,-8.604952,-0.421011,0.000000,1.000000e-12
-0.029952,0.535560,0.000000,-8.603065,-0.410113,0.000000,1.000000e-12
-0.029289,0.535894,0.000000,-8.601167,-0.399248,0.000000,1.000000e-12
-0.028625,0.536228,0.000000,-8.599251,-0.388381,0.000000,1.000000e-12
-0.027963,0.536560,0.000000,-8.597329,-0.377560,0.000000,1.000000e-12
-0.027301,0.536891,0.000000,-8.595388,-0.366749,0.000000,1.000000e-12
-0.026638,0.537222,0.000000,-8.593439,-0.355958,0.000000,1.000000e-12
-0.025976,0.537552,0.000000,-8.591471,-0.345179,0.000000,1.000000e-12
-0.025314,0.537880,0.000000,-8.589499,-0.334442,0.000000,1.000000e-12
-0.024652,0.538208,0.000000,-8.587512,-0.323706,0.000000,1.000000e-12
-0.023991,0.538535,0.000000,-8.585517,-0.313013,0.000000,1.000000e-12
-0.023330,0.538861,0.000000,-8.583505,-0.302329,0.000000,1.000000e-12
-0.022669,0.539187,0.000000,-8.581480,-0.291653,0.000000,1.000000e-12
-0.022008,0.539512,0.000000,-8.579448,-0.281013,0.000000,1.000000e-12
-0.021347,0.539836,0.000000,-8.577396,-0.270383,0.000000,1.000000e-12
-0.020686,0.540159,0.000000,-8.575338,-0.259775,0.000000,1.000000e-12
-0.020027,0.540480,0.000000,-8.573268,-0.249203,0.000000,1.000000e-12
-0.019366,0.540802,0.000000,-8.571187,-0.238638,0.000000,1.000000e-12
-0.018707,0.541121,0.000000,-8.569099,-0.228115,0.000000,1.000000e-12
-0.018047,0.541442,0.000000,-8.566993,-0.217579,0.000000,1.000000e-12
-0.017388,0.541760,0.000000,-8.564878,-0.207086,0.000000,1.000000e-12
-0.016728,0.542078,0.000000,-8.562748,-0.196600,0.000000,1.000000e-12
-0.016070,0.542396,0.000000,-8.560609,-0.186143,0.000000,1.000000e-12
-0.015411,0.542711,0.000000,-8.558466,-0.175708,0.000000,1.000000e-12
-0.014752,0.543027,0.000000,-8.556301,-0.165290,0.000000,1.000000e-12
-0.014094,0.543342,0.000000,-8.554128,-0.154897,0.000000,1.000000e-12
-0.013436,0.543656,0.000000,-8.551944,-0.144507,0.000000,1.000000e-12
-0.012778,0.543968,0.000000,-8.549752,-0.134160,0.000000,1.000000e-12
-0.012120,0.544281,0.000000,-8.547545,-0.123821,0.000000,1.000000e-12
-0.011463,0.544592,0.000000,-8.545326,-0.113501,0.000000,1.000000e-12
-0.010806,0.544903,0.000000,-8.543103,-0.103214,0.000000,1.000000e-12
-0.010148,0.545212,0.000000,-8.540863,-0.092931,0.000000,1.000000e-12
-0.009491,0.545522,0.000000,-8.538615,-0.082665,0.000000,1.000000e-12
-0.008835,0.545830,0.000000,-8.536360,-0.072430,0.000000,1.000000e-12
-0.008178,0.546137,0.000000,-8.534089,-0.062230,0.000000,1.000000e-12
-0.007522,0.546444,0.000000,-8.531810,-0.052027,0.000000,1.000000e-12
-0.006866,0.546750,0.000000,-8.529520,-0.041845,0.000000,1.000000e-12
-0.006211,0.547054,0.000000,-8.527219,-0.031701,0.000000,1.000000e-12
-0.005555,0.547358,0.000000,-8.524915,-0.021574,0.000000,1.000000e-12
-0.004900,0.547662,0.000000,-8.522592,-0.011447,0.000000,1.000000e-12
-0.004244,0.547965,0.000000,-8.520257,-0.001350,0.000000,1.000000e-12
-0.003590,0.548267,0.000000,-8.517919,0.008730,0.000000,1.000000e-12
-0.002935,0.548568,0.000000,-8.515566,0.018785,0.000000,1.000000e-12
-0.002281,0.548868,0.000000,-8.513205,0.028821,0.000000,1.000000e-12
-0.001626,0.549168,0.000000,-8.510836,0.038835,0.000000,1.000000e-12
-0.000973,0.549466,0.000000,-8.508459,0.048829,0.000000,1.000000e-12
-0.000319,0.549764,0.000000,-8.506063,0.058804,0.000000,1.000000e-12
0.000335,0.550061,0.000000,-8.503662,0.068767,0.000000,1.000000e-12
0.000988,0.550358,0.000000,-8.501250,0.078713,0.000000,1.000000e-12
0.001641,0.550654,0.000000,-8.498830,0.088627,0.000000,1.000000e-12
0.002294,0.550948,0.000000,-8.496407,0.098516,0.000000,1.000000e-12
0.002946,0.551243,0.000000,-8.493965,0.108398,0.000000,1.000000e-12
0.003599,0.551536,0.000000,-8.491515,0.118262,0.000000,1.000000e-12
0.004251,0.551829,0.000000,-8.489058,0.128099,0.000000,1.000000e-12
0.004903,0.552120,0.000000,-8.486597,0.137914,0.000000,1.000000e-12
0.005554,0.552411,0.000000,-8.484120,0.147711,0.000000,1.000000e-12
0.006206,0.552702,0.000000,-8.481629,0.157495,0.000000,1.000000e-12
0.006857,0.552991,0.000000,-8.479139,0.167254,0.000000,1.000000e-12
0.007508,0.553280,0.000000,-8.476634,0.176994,0.000000,1.000000e-12
0.008159,0.553568,0.000000,-8.474118,0.186729,0.000000,1.000000e-12
0.008809,0.553855,0.000000,-8.471601,0.196426,0.000000,1.000000e-12
0.009459,0.554142,0.000000,-8.469067,0.206113,0.000000,1.000000e-12
0.010109,0.554428,0.000000,-8.466529,0.215775,0.000000,1.000000e-12
0.010759,0.554713,0.000000,-8.463979,0.225427,0.000000,1.000000e-12
0.011408,0.554997,0.000000,-8.461420,0.235051,0.000000,1.000000e-12
0.012058,0.555281,0.000000,-8.458853,0.244659,0.000000,1.000000e-12
0.012707,0.555564,0.000000,-8.456274,0.254252,0.000000,1.000000e-12
0.013355,0.555846,0.000000,-8.453698,0.263809,0.000000,1.000000e-12
0.014004,0.556128,0.000000,-8.451098,0.273372,0.000000,1.000000e-12
0.014652,0.556408,0.000000,-8.448500,0.282899,0.000000,1.000000e-12
0.015300,0.556688,0.000000,-8.445890,0.292411,0.000000,1.000000e-12
0.015948,0.556968,0.000000,-8.443274,0.301911,0.000000,1.000000e-12
0.016596,0.557246,0.000000,-8.440650,0.311376,0.000000,1.000000e-12
0.017243,0.557524,0.000000,-8.438012,0.320838,0.000000,1.000000e-12
0.017890,0.557801,0.000000,-8.435373,0.330273,0.000000,1.000000e-12
0.018537,0.558077,0.000000,-8.432721,0.339686,0.000000,1.000000e-12
0.019183,0.558353,0.000000,-8.430061,0.349090,0.000000,1.000000e-12
0.019830,0.558628,0.000000,-8.427395,0.358469,0.000000,1.000000e-12
0.020476,0.558902,0.000000,-8.424722,0.367823,0.000000,1.000000e-12
0.021122,0.559175,0.000000,-8.422038,0.377167,0.000000,1.000000e-12
0.021768,0.559448,0.000000,-8.419340,0.386501,0.000000,1.000000e-12
0.022413,0.559721,0.000000,-8.416645,0.395804,0.000000,1.000000e-12
0.023058,0.559992,0.000000,-8.413938,0.405093,0.000000,1.000000e-12
0.023703,0.560263,0.000000,-8.411222,0.414359,0.000000,1.000000e-12
0.024347,0.560533,0.000000,-8.408499,0.423611,0.000000,1.000000e-12
0.024992,0.560803,0.000000,-8.405765,0.432850,0.000000,1.000000e-12
0.025636,0.561071,0.000000,-8.403028,0.442059,0.000000,1.000000e-12
0.026280,0.561339,0.000000,-8.400283,0.451249,0.000000,1.000000e-12
0.026923,0.561606,0.000000,-8.397532,0.460422,0.000000,1.000000e-12
0.027566,0.561872,0.000000,-8.394773,0.469569,0.000000,1.000000e-12
0.028209,0.562138,0.000000,-8.391999,0.478719,0.000000,1.000000e-12
0.028853,0.562404,0.000000,-8.389223,0.487849,0.000000,1.000000e-12
0.029495,0.562668,0.000000,-8.386441,0.496946,0.000000,1.000000e-12
0.030137,0.562932,0.000000,-8.383646,0.506030,0.000000,1.000000e-12
0.030780,0.563195,0.000000,-8.380846,0.515102,0.000000,1.000000e-12
0.031422,0.563458,0.000000,-8.378041,0.524153,0.000000,1.000000e-12
0.032063,0.563719,0.000000,-8.375230,0.533180,0.000000,1.000000e-12
0.032704,0.563980,0.000000,-8.372407,0.542192,0.000000,1.000000e-12
0.033345,0.564240,0.000000,-8.369589,0.551176,0.000000,1.000000e-12
0.033986,0.564500,0.000000,-8.366750,0.560151,0.000000,1.000000e-12
0.034627,0.564759,0.000000,-8.363910,0.569111,0.000000,1.000000e-12
0.035267,0.565018,0.000000,-8.361060,0.578053,0.000000,1.000000e-12
0.035907,0.565276,0.000000,-8.358204,0.586976,0.000000,1.000000e-12
0.036547,0.565533,0.000000,-8.355340,0.595880,0.000000,1.000000e-12
0.037186,0.565789,0.000000,-8.352476,0.604762,0.000000,1.000000e-12
0.037825,0.566045,0.000000,-8.349599,0.613628,0.000000,1.000000e-12
0.038464,0.566300,0.000000,-8.346715,0.622482,0.000000,1.000000e-12
0.039103,0.566554,0.000000,-8.343827,0.631309,0.000000,1.000000e-12
0.039742,0.566808,0.000000,-8.340930,0.640130,0.000000,1.000000e-12
0.040380,0.567061,0.000000,-8.338028,0.648929,0.000000,1.000000e-12
0.041018,0.567314,0.000000,-8.335117,0.657709,0.000000,1.000000e-12
0.041655,0.567565,0.000000,-8.332208,0.666461,0.000000,1.000000e-12
0.042293,0.567816,0.000000,-8.329285,0.675200,0.000000,1.000000e-12
0.042930,0.568067,0.000000,-8.326357,0.683928,0.000000,1.000000e-12
0.043567,0.568317,0.000000,-8.323417,0.692640,0.000000,1.000000e-12
0.044203,0.568566,0.000000,-8.320478,0.701329,0.000000,1.000000e-12
0.044840,0.568815,0.000000,-8.317528,0.710005,0.000000,1.000000e-12
0.045476,0.569063,0.000000,-8.314575,0.718656,0.000000,1.000000e-12
0.046112,0.569310,0.000000,-8.311613,0.727302,0.000000,1.000000e-12
0.046748,0.569557,0.000000,-8.308644,0.735928,0.000000,1.000000e-12
0.047383,0.569803,0.000000,-8.305673,0.744525,0.000000,1.000000e-12
0.048018,0.570049,0.000000,-8.302691,0.753119,0.000000,1.000000e-12
0.048653,0.570293,0.000000,-8.299709,0.761680,0.000000,1.000000e-12
0.049287,0.570537,0.000000,-8.296721,0.770231,0.000000,1.000000e-12
0.049922,0.570781,0.000000,-8.293722,0.778763,0.000000,1.000000e-12
0.050555,0.571023,0.000000,-8.290722,0.787273,0.000000,1.000000e-12
0.051189,0.571266,0.000000,-8.287711,0.795777,0.000000,1.000000e-12
0.051822,0.571507,0.000000,-8.284703,0.804250,0.000000,1.000000e-12
0.052456,0.571748,0.000000,-8.281675,0.812723,0.000000,1.000000e-12
0.053089,0.571989,0.000000,-8.278650,0.821170,0.000000,1.000000e-12
0.053722,0.572229,0.000000,-8.275615,0.829608,0.000000,1.000000e-12
0.054354,0.572468,0.000000,-8.272577,0.838024,0.000000,1.000000e-12
0.054986,0.572706,0.000000,-8.269538,0.846410,0.000000,1.000000e-12
0.055618,0.572944,0.000000,-8.266485,0.854790,0.000000,1.000000e-12
0.056250,0.573182,0.000000,-8.263426,0.863163,0.000000,1.000000e-12
0.056881,0.573418,0.000000,-8.260369,0.871502,0.000000,1.000000e-12
0.057512,0.573655,0.000000,-8.257305,0.879831,0.000000,1.000000e-12
0.058143,0.573890,0.000000,-8.254235,0.888142,0.000000,1.000000e-12
0.058773,0.574125,0.000000,-8.251158,0.896433,0.000000,1.000000e-12
0.059403,0.574359,0.000000,-8.248076,0.904712,0.000000,1.000000e-12
0.060033,0.574593,0.000000,-8.244988,0.912968,0.000000,1.000000e-12
0.060663,0.574826,0.000000,-8.241897,0.921222,0.000000,1.000000e-12
0.061292,0.575058,0.000000,-8.238798,0.929440,0.000000,1.000000e-12
0.061922,0.575290,0.000000,-8.235690,0.937658,0.000000,1.000000e-12
0.062551,0.575522,0.000000,-8.232582,0.945856,0.000000,1.000000e-12
0.063179,0.575753,0.000000,-8.229468,0.954029,0.000000,1.000000e-12
0.063807,0.575983,0.000000,-8.226352,0.962189,0.000000,1.000000e-12
0.064436,0.576212,0.000000,-8.223228,0.970335,0.000000,1.000000e-12
0.065064,0.576441,0.000000,-8.220095,0.978469,0.000000,1.000000e-12
0.065691,0.576670,0.000000,-8.216961,0.986578,0.000000,1.000000e-12
0.066318,0.576898,0.000000,-8.213821,0.994677,0.000000,1.000000e-12
0.066945,0.577124,0.000000,-8.210677,1.002747,0.000000,1.000000e-12
0.067572,0.577351,0.000000,-8.207528,1.010814,0.000000,1.000000e-12
0.068198,0.577577,0.000000,-8.204375,1.018852,0.000000,1.000000e-12
0.068825,0.577803,0.000000,-8.201215,1.026890,0.000000,1.000000e-12
0.069450,0.578027,0.000000,-8.198052,1.034894,0.000000,1.000000e-12
0.070076,0.578252,0.000000,-8.194883,1.042894,0.000000,1.000000e-12
0.070701,0.578475,0.000000,-8.191710,1.050867,0.000000,1.000000e-12
0.071326,0.578698,0.000000,-8.188535,1.058832,0.000000,1.000000e-12
0.071951,0.578921,0.000000,-8.185350,1.066784,0.000000,1.000000e-12
0.072576,0.579143,0.000000,-8.182162,1.074721,0.000000,1.000000e-12
0.073200,0.579365,0.000000,-8.178969,1.082632,0.000000,1.000000e-12
0.073824,0.579585,0.000000,-8.175776,1.090525,0.000000,1.000000e-12
0.074448,0.579805,0.000000,-8.172573,1.098409,0.000000,1.000000e-12
0.075071,0.580026,0.000000,-8.169364,1.106288,0.000000,1.000000e-12
0.075694,0.580245,0.000000,-8.166156,1.114135,0.000000,1.000000e-12
0.076317,0.580464,0.000000,-8.162942,1.121969,0.000000,1.000000e-12
0.076940,0.580681,0.000000,-8.159724,1.129784,0.000000,1.000000e-12
0.077562,0.580899,0.000000,-8.156499,1.137594,0.000000,1.000000e-12
0.078184,0.581116,0.000000,-8.153274,1.145373,0.000000,1.000000e-12
0.078806,0.581332,0.000000,-8.150045,1.153141,0.000000,1.000000e-12
0.079427,0.581548,0.000000,-8.146807,1.160894,0.000000,1.000000e-12
0.080049,0.581764,0.000000,-8.143562,1.168642,0.000000,1.000000e-12
0.080670,0.581978,0.000000,-8.140318,1.176363,0.000000,1.000000e-12
0.081291,0.582193,0.000000,-8.137067,1.184080,0.000000,1.000000e-12
0.081911,0.582406,0.000000,-8.133818,1.191765,0.000000,1.000000e-12
0.082531,0.582619,0.000000,-8.130562,1.199442,0.000000,1.000000e-12
0.083151,0.582832,0.000000,-8.127298,1.207098,0.000000,1.000000e-12
0.083770,0.583044,0.000000,-8.124036,1.214743,0.000000,1.000000e-12
0.084389,0.583255,0.000000,-8.120767,1.222370,0.000000,1.000000e-12
0.085008,0.583467,0.000000,-8.117491,1.229992,0.000000,1.000000e-12
0.085627,0.583676,0.000000,-8.114218,1.237583,0.000000,1.000000e-12
0.086245,0.583886,0.000000,-8.110938,1.245161,0.000000,1.000000e-12
0.086864,0.584096,0.000000,-8.107653,1.252730,0.000000,1.000000e-12
0.087482,0.584305,0.000000,-8.104360,1.260288,0.000000,1.000000e-12
0.088099,0.584513,0.000000,-8.101066,1.267823,0.000000,1.000000e-12
0.088716,0.584721,0.000000,-8.097775,1.275339,0.000000,1.000000e-12
0.089334,0.584928,0.000000,-8.094467,1.282861,0.000000,1.000000e-12
0.089951,0.585135,0.000000,-8.091166,1.290343,0.000000,1.000000e-12
0.090567,0.585341,0.000000,-8.087860,1.297810,0.000000,1.000000e-12
0.091183,0.585546,0.000000,-8.084553,1.305263,0.000000,1.000000e-12
0.091799,0.585752,0.000000,-8.081233,1.312716,0.000000,1.000000e-12
0.092415,0.585956,0.000000,-8.077916,1.320144,0.000000,1.000000e-12
0.093030,0.586161,0.000000,-8.074592,1.327564,0.000000,1.000000e-12
0.093645,0.586364,0.000000,-8.071266,1.334959,0.000000,1.000000e-12
0.094260,0.586567,0.000000,-8.067941,1.342334,0.000000,1.000000e-12
0.094874,0.586770,0.000000,-8.064606,1.349706,0.000000,1.000000e-12
0.095489,0.586971,0.000000,-8.061270,1.357057,0.000000,1.000000e-12
0.096103,0.587173,0.000000,-8.057929,1.364398,0.000000,1.000000e-12
0.096716,0.587374,0.000000,-8.054586,1.371718,0.000000,1.000000e-12
0.097329,0.587574,0.000000,-8.051243,1.379020,0.000000,1.000000e-12
0.097943,0.587774,0.000000,-8.047891,1.386319,0.000000,1.000000e-12
0.098556,0.587974,0.000000,-8.044538,1.393595,0.000000,1.000000e-12
0.099168,0.588172,0.000000,-8.041183,1.400854,0.000000,1.000000e-12
0.099781,0.588371,0.000000,-8.037822,1.408103,0.000000,1.000000e-12
0.100392,0.588569,0.000000,-8.034462,1.415332,0.000000,1.000000e-12
0.101004,0.588766,0.000000,-8.031096,1.422548,0.000000,1.000000e-12
0.101616,0.588963,0.000000,-8.027723,1.429761,0.000000,1.000000e-12
0.102227,0.589160,0.000000,-8.024353,1.436949,0.000000,1.000000e-12
0.102838,0.589356,0.000000,-8.020978,1.444116,0.000000,1.000000e-12
0.103448,0.589551,0.000000,-8.017598,1.451276,0.000000,1.000000e-12
0.104059,0.589746,0.000000,-8.014215,1.458424,0.000000,1.000000e-12
0.104669,0.589941,0.000000,-8.010834,1.465549,0.000000,1.000000e-12
0.105279,0.590135,0.000000,-8.007444,1.472669,0.000000,1.000000e-12
0.105888,0.590328,0.000000,-8.004055,1.479760,0.000000,1.000000e-12
0.106497,0.590521,0.000000,-8.000664,1.486844,0.000000,1.000000e-12
0.107106,0.590714,0.000000,-7.997263,1.493924,0.000000,1.000000e-12
0.107715,0.590906,0.000000,-7.993863,1.500978,0.000000,1.000000e-12
0.108323,0.591097,0.000000,-7.990461,1.508020,0.000000,1.000000e-12
0.108931,0.591288,0.000000,-7.987058,1.515045,0.000000,1.000000e-12
0.109539,0.591479,0.000000,-7.983649,1.522055,0.000000,1.000000e-12
0.110147,0.591669,0.000000,-7.980236,1.529062,0.000000,1.000000e-12
0.110753,0.591858,0.000000,-7.976826,1.536036,0.000000,1.000000e-12
0.111361,0.592047,0.000000,-7.973410,1.543008,0.000000,1.000000e-12
0.111967,0.592236,0.000000,-7.969989,1.549962,0.000000,1.000000e-12
0.112574,0.592425,0.000000,-7.966563,1.556912,0.000000,1.000000e-12
0.113179,0.592612,0.000000,-7.963147,1.563824,0.000000,1.000000e-12
0.113785,0.592799,0.000000,-7.959720,1.570736,0.000000,1.000000e-12
0.114391,0.592986,0.000000,-7.956285,1.577648,0.000000,1.000000e-12
0.114996,0.593172,0.000000,-7.952857,1.584523,0.000000,1.000000e-12
0.115601,0.593358,0.000000,-7.949419,1.591395,0.000000,1.000000e-12
0.116206,0.593543,0.000000,-7.945983,1.598248,0.000000,1.000000e-12
0.116810,0.593728,0.000000,-7.942545,1.605088,0.000000,1.000000e-12
0.117414,0.593913,0.000000,-7.939106,1.611911,0.000000,1.000000e-12
0.118018,0.594097,0.000000,-7.935658,1.618726,0.000000,1.000000e-12
0.118622,0.594280,0.000000,-7.932210,1.625529,0.000000,1.000000e-12
0.119225,0.594463,0.000000,-7.928763,1.632308,0.000000,1.000000e-12
0.119827,0.594645,0.000000,-7.925314,1.639072,0.000000,1.000000e-12
0.120430,0.594828,0.000000,-7.921858,1.645834,0.000000,1.000000e-12
0.121033,0.595009,0.000000,-7.918396,1.652582,0.000000,1.000000e-12
0.121635,0.595191,0.000000,-7.914940,1.659310,0.000000,1.000000e-12
0.122237,0.595371,0.000000,-7.911479,1.666022,0.000000,1.000000e-12
0.122838,0.595551,0.000000,-7.908017,1.672717,0.000000,1.000000e-12
0.123440,0.595731,0.000000,-7.904550,1.679412,0.000000,1.000000e-12
0.124040,0.595911,0.000000,-7.901084,1.686080,0.000000,1.000000e-12
0.124641,0.596089,0.000000,-7.897614,1.692742,0.000000,1.000000e-12
0.125242,0.596268,0.000000,-7.894142,1.699385,0.000000,1.000000e-12
0.125842,0.596446,0.000000,-7.890664,1.706024,0.000000,1.000000e-12
0.126442,0.596624,0.000000,-7.887189,1.712640,0.000000,1.000000e-12
0.127041,0.596801,0.000000,-7.883711,1.719244,0.000000,1.000000e-12
0.127641,0.596978,0.000000,-7.880226,1.725838,0.000000,1.000000e-12
0.128240,0.597154,0.000000,-7.876744,1.732417,0.000000,1.000000e-12
0.128838,0.597329,0.000000,-7.873262,1.738974,0.000000,1.000000e-12
0.129436,0.597505,0.000000,-7.869777,1.745521,0.000000,1.000000e-12
0.130035,0.597680,0.000000,-7.866287,1.752058,0.000000,1.000000e-12
0.130633,0.597854,0.000000,-7.862796,1.758585,0.000000,1.000000e-12
0.131230,0.598028,0.000000,-7.859303,1.765095,0.000000,1.000000e-12
0.131828,0.598202,0.000000,-7.855811,1.771590,0.000000,1.000000e-12
0.132424,0.598375,0.000000,-7.852316,1.778064,0.000000,1.000000e-12
0.133022,0.598548,0.000000,-7.848814,1.784542,0.000000,1.000000e-12
0.133618,0.598720,0.000000,-7.845314,1.790998,0.000000,1.000000e-12
0.134214,0.598892,0.000000,-7.841813,1.797440,0.000000,1.000000e-12
0.134810,0.599064,0.000000,-7.838307,1.803870,0.000000,1.000000e-12
0.135406,0.599235,0.000000,-7.834800,1.810289,0.000000,1.000000e-12
0.136001,0.599405,0.000000,-7.831297,1.816685,0.000000,1.000000e-12
0.136596,0.599575,0.000000,-7.827788,1.823073,0.000000,1.000000e-12
0.137191,0.599745,0.000000,-7.824274,1.829454,0.000000,1.000000e-12
0.137785,0.599914,0.000000,-7.820759,1.835820,0.000000,1.000000e-12
0.138379,0.600083,0.000000,-7.817245,1.842165,0.000000,1.000000e-12
0.138973,0.600251,0.000000,-7.813737,1.848490,0.000000,1.000000e-12
0.139567,0.600420,0.000000,-7.810214,1.854824,0.000000,1.000000e-12
0.140160,0.600587,0.000000,-7.806695,1.861133,0.000000,1.000000e-12
0.140753,0.600755,0.000000,-7.803174,1.867435,0.000000,1.000000e-12
0.141346,0.600921,0.000000,-7.799651,1.873708,0.000000,1.000000e-12
0.141938,0.601088,0.000000,-7.796127,1.879980,0.000000,1.000000e-12
0.142531,0.601254,0.000000,-7.792601,1.886240,0.000000,1.000000e-12
0.143123,0.601419,0.000000,-7.789075,1.892491,0.000000,1.000000e-12
0.143714,0.601584,0.000000,-7.785548,1.898718,0.000000,1.000000e-12
0.144306,0.601749,0.000000,-7.782013,1.904943,0.000000,1.000000e-12
0.144897,0.601914,0.000000,-7.778485,1.911148,0.000000,1.000000e-12
0.145488,0.602077,0.000000,-7.774951,1.917337,0.000000,1.000000e-12
0.146078,0.602241,0.000000,-7.771421,1.923513,0.000000,1.000000e-12
0.146669,0.602404,0.000000,-7.767880,1.929690,0.000000,1.000000e-12
0.147258,0.602567,0.000000,-7.764345,1.935843,0.000000,1.000000e-12
0.147848,0.602729,0.000000,-7.760808,1.941982,0.000000,1.000000e-12
0.148438,0.602891,0.000000,-7.757267,1.948113,0.000000,1.000000e-12
0.149027,0.603053,0.000000,-7.753725,1.954232,0.000000,1.000000e-12
0.149615,0.603213,0.000000,-7.750187,1.960327,0.000000,1.000000e-12
0.150204,0.603374,0.000000,-7.746640,1.966423,0.000000,1.000000e-12
0.150792,0.603534,0.000000,-7.743096,1.972499,0.000000,1.000000e-12
0.151380,0.603695,0.000000,-7.739547,1.978568,0.000000,1.000000e-12
0.151968,0.603853,0.000000,-7.736003,1.984616,0.000000,1.000000e-12
0.152555,0.604013,0.000000,-7.732454,1.990658,0.000000,1.000000e-12
0.153142,0.604171,0.000000,-7.728905,1.996687,0.000000,1.000000e-12
0.153729,0.604330,0.000000,-7.725353,2.002707,0.000000,1.000000e-12
0.154316,0.604488,0.000000,-7.721799,2.008711,0.000000,1.000000e-12
0.154902,0.604645,0.000000,-7.718246,2.014699,0.000000,1.000000e-12
0.155489,0.604803,0.000000,-7.714691,2.020682,0.000000,1.000000e-12
0.156074,0.604959,0.000000,-7.711136,2.026643,0.000000,1.000000e-12
0.156660,0.605116,0.000000,-7.707578,2.032603,0.000000,1.000000e-12
0.157245,0.605272,0.000000,-7.704023,2.038535,0.000000,1.000000e-12
0.157829,0.605427,0.000000,-7.700468,2.044457,0.000000,1.000000e-12
0.158414,0.605583,0.000000,-7.696904,2.050377,0.000000,1.000000e-12
0.158998,0.605737,0.000000,-7.693345,2.056284,0.000000,1.000000e-12
0.159582,0.605892,0.000000,-7.689784,2.062175,0.000000,1.000000e-12
0.160166,0.606046,0.000000,-7.686219,2.068057,0.000000,1.000000e-12
0.160749,0.606200,0.000000,-7.682658,2.073915,0.000000,1.000000e-12
0.161333,0.606353,0.000000,-7.679094,2.079773,0.000000,1.000000e-12
0.161916,0.606506,0.000000,-7.675527,2.085618,0.000000,1.000000e-12
0.162498,0.606658,0.000000,-7.671960,2.091452,0.000000,1.000000e-12
0.163081,0.606811,0.000000,-7.668396,2.097265,0.000000,1.000000e-12
0.163663,0.606963,0.000000,-7.664827,2.103074,0.000000,1.000000e-12
0.164245,0.607113,0.000000,-7.661258,2.108865,0.000000,1.000000e-12
0.164826,0.607265,0.000000,-7.657686,2.114653,0.000000,1.000000e-12
0.165407,0.607415,0.000000,-7.654120,2.120414,0.000000,1.000000e-12
0.165988,0.607566,0.000000,-7.650546,2.126178,0.000000,1.000000e-12
0.166569,0.607716,0.000000,-7.646975,2.131918,0.000000,1.000000e-12
0.167150,0.607865,0.000000,-7.643401,2.137661,0.000000,1.000000e-12
0.167729,0.608015,0.000000,-7.639832,2.143376,0.000000,1.000000e-12
0.168310,0.608164,0.000000,-7.636250,2.149096,0.000000,1.000000e-12
0.168889,0.608312,0.000000,-7.632679,2.154788,0.000000,1.000000e-12
0.169468,0.608460,0.000000,-7.629101,2.160476,0.000000,1.000000e-12
0.170047,0.608608,0.000000,-7.625527,2.166144,0.000000,1.000000e-12
0.170626,0.608755,0.000000,-7.621953,2.171809,0.000000,1.000000e-12
0.171204,0.608902,0.000000,-7.618373,2.177462,0.000000,1.000000e-12
0.171782,0.609049,0.000000,-7.614794,2.183103,0.000000,1.000000e-12
0.172360,0.609196,0.000000,-7.611217,2.188729,0.000000,1.000000e-12
0.172938,0.609341,0.000000,-7.607637,2.194340,0.000000,1.000000e-12
0.173515,0.609487,0.000000,-7.604055,2.199948,0.000000,1.000000e-12
0.174092,0.609632,0.000000,-7.600478,2.205535,0.000000,1.000000e-12
0.174669,0.609777,0.000000,-7.596896,2.211118,0.000000,1.000000e-12
0.175245,0.609921,0.000000,-7.593315,2.216684,0.000000,1.000000e-12
0.175822,0.610066,0.000000,-7.589729,2.222250,0.000000,1.000000e-12
0.176398,0.610209,0.000000,-7.586149,2.227789,0.000000,1.000000e-12
0.176973,0.610353,0.000000,-7.582567,2.233323,0.000000,1.000000e-12
0.177549,0.610496,0.000000,-7.578979,2.238849,0.000000,1.000000e-12
0.178124,0.610639,0.000000,-7.575395,2.244361,0.000000,1.000000e-12
0.178698,0.610781,0.000000,-7.571816,2.249851,0.000000,1.000000e-12
0.179273,0.610923,0.000000,-7.568228,2.255341,0.000000,1.000000e-12
0.179848,0.611065,0.000000,-7.564640,2.260825,0.000000,1.000000e-12
0.180421,0.611206,0.000000,-7.561058,2.266283,0.000000,1.000000e-12
0.180995,0.611347,0.000000,-7.557474,2.271735,0.000000,1.000000e-12
0.181569,0.611489,0.000000,-7.553882,2.277187,0.000000,1.000000e-12
0.182141,0.611629,0.000000,-7.550299,2.282609,0.000000,1.000000e-12
0.182714,0.611769,0.000000,-7.546710,2.288029,0.000000,1.000000e-12
0.183287,0.611909,0.000000,-7.543122,2.293444,0.000000,1.000000e-12
0.183859,0.612048,0.000000,-7.539534,2.298837,0.000000,1.000000e-12
0.184431,0.612187,0.000000,-7.535946,2.304218,0.000000,1.000000e-12
0.185003,0.612326,0.000000,-7.532359,2.309601,0.000000,1.000000e-12
0.185575,0.612464,0.000000,-7.528767,2.314961,0.000000,1.000000e-12
0.186146,0.612602,0.000000,-7.525179,2.320317,0.000000,1.000000e-12
0.186717,0.612739,0.000000,-7.521594,2.325650,0.000000,1.000000e-12
0.187287,0.612877,0.000000,-7.518000,2.330981,0.000000,1.000000e-12
0.187858,0.613014,0.000000,-7.514409,2.336300,0.000000,1.000000e-12
0.188428,0.613150,0.000000,-7.510826,2.341605,0.000000,1.000000e-12
0.188998,0.613287,0.000000,-7.507232,2.346905,0.000000,1.000000e-12
0.189568,0.613423,0.000000,-7.503641,2.352193,0.000000,1.000000e-12
0.190137,0.613559,0.000000,-7.500052,2.357465,0.000000,1.000000e-12
0.190705,0.613694,0.000000,-7.496462,2.362721,0.000000,1.000000e-12
0.191274,0.613829,0.000000,-7.492871,2.367977,0.000000,1.000000e-12
0.191843,0.613964,0.000000,-7.489279,2.373221,0.000000,1.000000e-12
0.192411,0.614098,0.000000,-7.485690,2.378451,0.000000,1.000000e-12
0.192979,0.614232,0.000000,-7.482096,2.383669,0.000000,1.000000e-12
0.193547,0.614366,0.000000,-7.478503,2.388885,0.000000,1.000000e-12
0.194114,0.614499,0.000000,-7.474917,2.394074,0.000000,1.000000e-12
0.194681,0.614633,0.000000,-7.471324,2.399263,0.000000,1.000000e-12
0.195248,0.614765,0.000000,-7.467735,2.404434,0.000000,1.000000e-12
0.195814,0.614898,0.000000,-7.464142,2.409602,0.000000,1.000000e-12
0.196380,0.615030,0.000000,-7.460554,2.414751,0.000000,1.000000e-12
0.196947,0.615162,0.000000,-7.456960,2.419900,0.000000,1.000000e-12
0.197512,0.615293,0.000000,-7.453371,2.425030,0.000000,1.000000e-12
0.198077,0.615424,0.000000,-7.449785,2.430143,0.000000,1.000000e-12
0.198643,0.615555,0.000000,-7.446188,2.435262,0.000000,1.000000e-12
0.199208,0.615686,0.000000,-7.442595,2.440367,0.000000,1.000000e-12
0.199772,0.615816,0.000000,-7.439007,2.445450,0.000000,1.000000e-12
0.200337,0.615946,0.000000,-7.435416,2.450531,0.000000,1.000000e-12
0.200901,0.616075,0.000000,-7.431824,2.455598,0.000000,1.000000e-12
0.201465,0.616205,0.000000,-7.428235,2.460654,0.000000,1.000000e-12
0.202028,0.616334,0.000000,-7.424645,2.465702,0.000000,1.000000e-12
0.202591,0.616463,0.000000,-7.421054,2.470739,0.000000,1.000000e-12
0.203154,0.616591,0.000000,-7.417461,2.475765,0.000000,1.000000e-12
0.203717,0.616719,0.000000,-7.413877,2.480774,0.000000,1.000000e-12
0.204279,0.616847,0.000000,-7.410283,2.485785,0.000000,1.000000e-12
0.204841,0.616974,0.000000,-7.406698,2.490777,0.000000,1.000000e-12
0.205403,0.617101,0.000000,-7.403106,2.495760,0.000000,1.000000e-12
0.205965,0.617228,0.000000,-7.399515,2.500733,0.000000,1.000000e-12
0.206527,0.617355,0.000000,-7.395925,2.505704,0.000000,1.000000e-12
0.207087,0.617481,0.000000,-7.392339,2.510647,0.000000,1.000000e-12
0.207649,0.617607,0.000000,-7.388746,2.515600,0.000000,1.000000e-12
0.208209,0.617733,0.000000,-7.385159,2.520525,0.000000,1.000000e-12
0.208769,0.617858,0.000000,-7.381572,2.525447,0.000000,1.000000e-12
0.209329,0.617983,0.000000,-7.377984,2.530357,0.000000,1.000000e-12
0.209889,0.618108,0.000000,-7.374398,2.535256,0.000000,1.000000e-12
0.210449,0.618233,0.000000,-7.370807,2.540155,0.000000,1.000000e-12
0.211008,0.618357,0.000000,-7.367218,2.545036,0.000000,1.000000e-12
0.211566,0.618481,0.000000,-7.363636,2.549899,0.000000,1.000000e-12
0.212125,0.618604,0.000000,-7.360052,2.554757,0.000000,1.000000e-12
0.212683,0.618727,0.000000,-7.356465,2.559605,0.000000,1.000000e-12
0.213241,0.618850,0.000000,-7.352880,2.564446,0.000000,1.000000e-12
0.213799,0.618973,0.000000,-7.349296,2.569273,0.000000,1.000000e-12
0.214357,0.619095,0.000000,-7.345709,2.574095,0.000000,1.000000e-12
0.214914,0.619217,0.000000,-7.342127,2.578903,0.000000,1.000000e-12
0.215471,0.619339,0.000000,-7.338540,2.583702,0.000000,1.000000e-12
0.216028,0.619461,0.000000,-7.334957,2.588492,0.000000,1.000000e-12
0.216584,0.619582,0.000000,-7.331373,2.593271,0.000000,1.000000e-12
0.217141,0.619703,0.000000,-7.327790,2.598043,0.000000,1.000000e-12
0.217697,0.619824,0.000000,-7.324206,2.602803,0.000000,1.000000e-12
0.218253,0.619945,0.000000,-7.320623,2.607555,0.000000,1.000000e-12
0.218807,0.620064,0.000000,-7.317047,2.612285,0.000000,1.000000e-12
0.219363,0.620184,0.000000,-7.313466,2.617015,0.000000,1.000000e-12
0.219917,0.620304,0.000000,-7.309881,2.621734,0.000000,1.000000e-12
0.220472,0.620423,0.000000,-7.306305,2.626439,0.000000,1.000000e-12
0.221026,0.620542,0.000000,-7.302727,2.631141,0.000000,1.000000e-12
0.221580,0.620661,0.000000,-7.299148,2.635827,0.000000,1.000000e-12
0.222134,0.620779,0.000000,-7.295567,2.640509,0.000000,1.000000e-12
0.222688,0.620897,0.000000,-7.291992,2.645175,0.000000,1.000000e-12
0.223241,0.621016,0.000000,-7.288411,2.649843,0.000000,1.000000e-12
0.223794,0.621133,0.000000,-7.284836,2.654489,0.000000,1.000000e-12
0.224347,0.621250,0.000000,-7.281259,2.659127,0.000000,1.000000e-12
0.224899,0.621368,0.000000,-7.277679,2.663763,0.000000,1.000000e-12
0.225451,0.621484,0.000000,-7.274107,2.668380,0.000000,1.000000e-12
0.226003,0.621600,0.000000,-7.270537,2.672987,0.000000,1.000000e-12
0.226555,0.621717,0.000000,-7.266960,2.677593,0.000000,1.000000e-12
0.227107,0.621833,0.000000,-7.263387,2.682186,0.000000,1.000000e-12
0.227658,0.621948,0.000000,-7.259815,2.686766,0.000000,1.000000e-12
0.228208,0.622064,0.000000,-7.256242,2.691338,0.000000,1.000000e-12
0.228759,0.622179,0.000000,-7.252674,2.695899,0.000000,1.000000e-12
0.229309,0.622294,0.000000,-7.249099,2.700453,0.000000,1.000000e-12
0.229859,0.622409,0.000000,-7.245530,2.704998,0.000000,1.000000e-12
0.230409,0.622523,0.000000,-7.241963,2.709529,0.000000,1.000000e-12
0.230959,0.622637,0.000000,-7.238392,2.714054,0.000000,1.000000e-12
0.231509,0.622751,0.000000,-7.234823,2.718575,0.000000,1.000000e-12
0.232057,0.622864,0.000000,-7.231261,2.723071,0.000000,1.000000e-12
0.232606,0.622978,0.000000,-7.227688,2.727573,0.000000,1.000000e-12
0.233154,0.623091,0.000000,-7.224126,2.732058,0.000000,1.000000e-12
0.233702,0.623204,0.000000,-7.220562,2.736533,0.000000,1.000000e-12
0.234251,0.623316,0.000000,-7.216995,2.741001,0.000000,1.000000e-12
0.234798,0.623428,0.000000,-7.213433,2.745460,0.000000,1.000000e-12
0.235346,0.623540,0.000000,-7.209872,2.749907,0.000000,1.000000e-12
0.235893,0.623653,0.000000,-7.206305,2.754351,0.000000,1.000000e-12
0.236440,0.623764,0.000000,-7.202744,2.758781,0.000000,1.000000e-12
0.236987,0.623875,0.000000,-7.199183,2.763204,0.000000,1.000000e-12
0.237533,0.623986,0.000000,-7.195625,2.767615,0.000000,1.000000e-12
0.238079,0.624097,0.000000,-7.192065,2.772012,0.000000,1.000000e-12
0.238625,0.624207,0.000000,-7.188509,2.776407,0.000000,1.000000e-12
0.239171,0.624317,0.000000,-7.184947,2.780795,0.000000,1.000000e-12
0.239716,0.624427,0.000000,-7.181392,2.785167,0.000000,1.000000e-12
0.240261,0.624537,0.000000,-7.177840,2.789527,0.000000,1.000000e-12
0.240806,0.624647,0.000000,-7.174279,2.793887,0.000000,1.000000e-12
0.241350,0.624755,0.000000,-7.170732,2.798224,0.000000,1.000000e-12
0.241894,0.624865,0.000000,-7.167177,2.802567,0.000000,1.000000e-12
0.242439,0.624973,0.000000,-7.163623,2.806899,0.000000,1.000000e-12
0.242982,0.625081,0.000000,-7.160075,2.811212,0.000000,1.000000e-12
0.243526,0.625190,0.000000,-7.156524,2.815525,0.000000,1.000000e-12
0.244069,0.625298,0.000000,-7.152974,2.819825,0.000000,1.000000e-12
0.244612,0.625406,0.000000,-7.149421,2.824122,0.000000,1.000000e-12
0.245154,0.625513,0.000000,-7.145879,2.828398,0.000000,1.000000e-12
0.245697,0.625620,0.000000,-7.142333,2.832672,0.000000,1.000000e-12
0.246239,0.625727,0.000000,-7.138785,2.836938,0.000000,1.000000e-12
0.246781,0.625834,0.000000,-7.135237,2.841200,0.000000,1.000000e-12
0.247323,0.625940,0.000000,-7.131694,2.845447,0.000000,1.000000e-12
0.247865,0.626046,0.000000,-7.128153,2.849681,0.000000,1.000000e-12
0.248406,0.626152,0.000000,-7.124609,2.853910,0.000000,1.000000e-12
0.248946,0.626258,0.000000,-7.121070,2.858126,0.000000,1.000000e-12
0.249487,0.626364,0.000000,-7.117529,2.862340,0.000000,1.000000e-12
0.250027,0.626469,0.000000,-7.113990,2.866544,0.000000,1.000000e-12
0.250567,0.626574,0.000000,-7.110453,2.870734,0.000000,1.000000e-12
0.251108,0.626679,0.000000,-7.106914,2.874921,0.000000,1.000000e-12
0.251647,0.626783,0.000000,-7.103379,2.879100,0.000000,1.000000e-12
0.252187,0.626888,0.000000,-7.099844,2.883266,0.000000,1.000000e-12
0.252726,0.626992,0.000000,-7.096310,2.887422,0.000000,1.000000e-12
0.253265,0.627096,0.000000,-7.092776,2.891574,0.000000,1.000000e-12
0.253803,0.627199,0.000000,-7.089243,2.895713,0.000000,1.000000e-12
0.254341,0.627302,0.000000,-7.085714,2.899843,0.000000,1.000000e-12
0.254880,0.627406,0.000000,-7.082183,2.903968,0.000000,1.000000e-12
0.255418,0.627509,0.000000,-7.078656,2.908085,0.000000,1.000000e-12
0.255955,0.627611,0.000000,-7.075124,2.912192,0.000000,1.000000e-12
0.256492,0.627714,0.000000,-7.071599,2.916285,0.000000,1.000000e-12
0.257030,0.627816,0.000000,-7.068074,2.920376,0.000000,1.000000e-12
0.257566,0.627918,0.000000,-7.064548,2.924453,0.000000,1.000000e-12
0.258103,0.628020,0.000000,-7.061024,2.928524,0.000000,1.000000e-12
0.258639,0.628121,0.000000,-7.057505,2.932583,0.000000,1.000000e-12
0.259175,0.628222,0.000000,-7.053986,2.936636,0.000000,1.000000e-12
0.259711,0.628323,0.000000,-7.050460,2.940687,0.000000,1.000000e-12
0.260246,0.628424,0.000000,-7.046944,2.944721,0.000000,1.000000e-12
0.260782,0.628525,0.000000,-7.043425,2.948750,0.000000,1.000000e-12
0.261316,0.628625,0.000000,-7.039908,2.952770,0.000000,1.000000e-12
0.261851,0.628725,0.000000,-7.036394,2.956780,0.000000,1.000000e-12
0.262386,0.628825,0.000000,-7.032879,2.960784,0.000000,1.000000e-12
0.262920,0.628925,0.000000,-7.029364,2.964782,0.000000,1.000000e-12
0.263454,0.629025,0.000000,-7.025849,2.968765,0.000000,1.000000e-12
0.263987,0.629124,0.000000,-7.022344,2.972739,0.000000,1.000000e-12
0.264521,0.629223,0.000000,-7.018831,2.976713,0.000000,1.000000e-12
0.265054,0.629322,0.000000,-7.015323,2.980671,0.000000,1.000000e-12
0.265588,0.629420,0.000000,-7.011813,2.984624,0.000000,1.000000e-12
0.266120,0.629519,0.000000,-7.008313,2.988564,0.000000,1.000000e-12
0.266653,0.629617,0.000000,-7.004804,2.992505,0.000000,1.000000e-12
0.267185,0.629715,0.000000,-7.001302,2.996431,0.000000,1.000000e-12
0.267717,0.629812,0.000000,-6.997801,3.000348,0.000000,1.000000e-12
0.268249,0.629910,0.000000,-6.994296,3.004259,0.000000,1.000000e-12
0.268780,0.630007,0.000000,-6.990798,3.008164,0.000000,1.000000e-12
0.269311,0.630104,0.000000,-6.987303,3.012051,0.000000,1.000000e-12
0.269842,0.630201,0.000000,-6.983801,3.015944,0.000000,1.000000e-12
0.270373,0.630298,0.000000,-6.980306,3.019819,0.000000,1.000000e-12
0.270903,0.630394,0.000000,-6.976810,3.023686,0.000000,1.000000e-12
0.271434,0.630490,0.000000,-6.973318,3.027548,0.000000,1.000000e-12
0.271964,0.630587,0.000000,-6.969823,3.031404,0.000000,1.000000e-12
0.272493,0.630683,0.000000,-6.966332,3.035249,0.000000,1.000000e-12
0.273023,0.630778,0.000000,-6.962841,3.039082,0.000000,1.000000e-12
0.273552,0.630873,0.000000,-6.959351,3.042913,0.000000,1.000000e-12
0.274081,0.630969,0.000000,-6.955863,3.046734,0.000000,1.000000e-12
0.274610,0.631064,0.000000,-6.952378,3.050549,0.000000,1.000000e-12
0.275138,0.631158,0.000000,-6.948897,3.054348,0.000000,1.000000e-12
0.275666,0.631253,0.000000,-6.945414,3.058144,0.000000,1.000000e-12
0.276195,0.631347,0.000000,-6.941927,3.061938,0.000000,1.000000e-12
0.276722,0.631441,0.000000,-6.938447,3.065718,0.000000,1.000000e-12
0.277250,0.631535,0.000000,-6.934965,3.069490,0.000000,1.000000e-12
0.277777,0.631629,0.000000,-6.931489,3.073253,0.000000,1.000000e-12
0.278304,0.631722,0.000000,-6.928016,3.077003,0.000000,1.000000e-12
0.278831,0.631816,0.000000,-6.924538,3.080759,0.000000,1.000000e-12
0.279357,0.631909,0.000000,-6.921064,3.084495,0.000000,1.000000e-12
0.279883,0.632002,0.000000,-6.917589,3.088229,0.000000,1.000000e-12
0.280409,0.632094,0.000000,-6.914121,3.091953,0.000000,1.000000e-12
0.280935,0.632187,0.000000,-6.910650,3.095664,0.000000,1.000000e-12
0.281461,0.632279,0.000000,-6.907177,3.099381,0.000000,1.000000e-12
0.281986,0.632371,0.000000,-6.903713,3.103079,0.000000,1.000000e-12
